,ticket,order,time,time_msc,type,entry,magic,position_id,reason,volume,price,commission,swap,profit,fee,symbol,comment,external_id
0,700000001,700500001,46023.541666667,1767272400000,balance,IN,20260101,700000000,EXPERT,0,0.00,0.00,0,500000.00,0,,Tech Fund seed deposit,
1,700000002,700500002,46024.833333333,1767384000000,buy,IN,20260101,700000000,EXPERT,800,613.12,-2.00,0,0.00,0,QQQ,open QQQ position,
2,700000003,700500003,46027.833333333,1767643200000,sell,OUT,20260101,700000001,EXPERT,800,617.99,-2.00,0,3896.00,0,QQQ,daily mark-to-market,
3,700000004,700500004,46027.833391204,1767643205000,buy,IN,20260101,700000001,EXPERT,800,617.99,-2.00,0,0.00,0,QQQ,reopen QQQ position,
4,700000005,700500005,46028.833333333,1767729600000,sell,OUT,20260101,700000002,EXPERT,800,623.62,-2.00,0,4508.00,0,QQQ,daily mark-to-market,
5,700000006,700500006,46028.833391204,1767729605000,buy,IN,20260101,700000002,EXPERT,800,623.62,-2.00,0,0.00,0,QQQ,reopen QQQ position,
6,700000007,700500007,46029.833333333,1767816000000,sell,OUT,20260101,700000003,EXPERT,800,624.18,-2.00,0,448.00,0,QQQ,daily mark-to-market,
7,700000008,700500008,46029.833391204,1767816005000,buy,IN,20260101,700000003,EXPERT,800,624.18,-2.00,0,0.00,0,QQQ,reopen QQQ position,
8,700000009,700500009,46030.833333333,1767902400000,sell,OUT,20260101,700000004,EXPERT,800,620.47,-2.00,0,-2972.00,0,QQQ,daily mark-to-market,
9,700000010,700500010,46030.833391204,1767902405000,buy,IN,20260101,700000004,EXPERT,800,620.47,-2.00,0,0.00,0,QQQ,reopen QQQ position,
10,700000011,700500011,46031.833333333,1767988800000,sell,OUT,20260101,700000005,EXPERT,800,626.70,-2.00,0,4980.00,0,QQQ,daily mark-to-market,
11,700000012,700500012,46031.833391204,1767988805000,buy,IN,20260101,700000005,EXPERT,800,626.70,-2.00,0,0.00,0,QQQ,reopen QQQ position,
12,700000013,700500013,46034.833333333,1768248000000,sell,OUT,20260101,700000006,EXPERT,800,627.17,-2.00,0,380.00,0,QQQ,daily mark-to-market,
13,700000014,700500014,46034.833391204,1768248005000,buy,IN,20260101,700000006,EXPERT,800,627.17,-2.00,0,0.00,0,QQQ,reopen QQQ position,
14,700000015,700500015,46035.833333333,1768334400000,sell,OUT,20260101,700000007,EXPERT,800,626.24,-2.00,0,-744.00,0,QQQ,daily mark-to-market,
15,700000016,700500016,46035.833391204,1768334405000,buy,IN,20260101,700000007,EXPERT,800,626.24,-2.00,0,0.00,0,QQQ,reopen QQQ position,
16,700000017,700500017,46036.833333333,1768420800000,sell,OUT,20260101,700000008,EXPERT,800,619.55,-2.00,0,-5352.00,0,QQQ,daily mark-to-market,
17,700000018,700500018,46036.833391204,1768420805000,buy,IN,20260101,700000008,EXPERT,800,619.55,-2.00,0,0.00,0,QQQ,reopen QQQ position,
18,700000019,700500019,46037.833333333,1768507200000,sell,OUT,20260101,700000009,EXPERT,800,621.78,-2.00,0,1784.00,0,QQQ,daily mark-to-market,
19,700000020,700500020,46037.833391204,1768507205000,buy,IN,20260101,700000009,EXPERT,800,621.78,-2.00,0,0.00,0,QQQ,reopen QQQ position,
20,700000021,700500021,46038.833333333,1768593600000,sell,OUT,20260101,700000010,EXPERT,800,621.05,-2.00,0,-580.00,0,QQQ,daily mark-to-market,
21,700000022,700500022,46038.833391204,1768593605000,buy,IN,20260101,700000010,EXPERT,800,621.05,-2.00,0,0.00,0,QQQ,reopen QQQ position,
22,700000023,700500023,46042.833333333,1768939200000,sell,OUT,20260101,700000011,EXPERT,800,608.06,-2.00,0,-10396.00,0,QQQ,daily mark-to-market,
23,700000024,700500024,46042.833391204,1768939205000,buy,IN,20260101,700000011,EXPERT,800,608.06,-2.00,0,0.00,0,QQQ,reopen QQQ position,
24,700000025,700500025,46043.833333333,1769025600000,sell,OUT,20260101,700000012,EXPERT,800,616.28,-2.00,0,6576.00,0,QQQ,daily mark-to-market,
25,700000026,700500026,46043.833391204,1769025605000,buy,IN,20260101,700000012,EXPERT,800,616.28,-2.00,0,0.00,0,QQQ,reopen QQQ position,
26,700000027,700500027,46044.833333333,1769112000000,sell,OUT,20260101,700000013,EXPERT,800,620.76,-2.00,0,3584.00,0,QQQ,daily mark-to-market,
27,700000028,700500028,46044.833391204,1769112005000,buy,IN,20260101,700000013,EXPERT,800,620.76,-2.00,0,0.00,0,QQQ,reopen QQQ position,
28,700000029,700500029,46045.833333333,1769198400000,sell,OUT,20260101,700000014,EXPERT,800,622.72,-2.00,0,1568.00,0,QQQ,daily mark-to-market,
29,700000030,700500030,46045.833391204,1769198405000,buy,IN,20260101,700000014,EXPERT,800,622.72,-2.00,0,0.00,0,QQQ,reopen QQQ position,
30,700000031,700500031,46048.833333333,1769457600000,sell,OUT,20260101,700000015,EXPERT,800,625.46,-2.00,0,2192.00,0,QQQ,daily mark-to-market,
31,700000032,700500032,46048.833391204,1769457605000,buy,IN,20260101,700000015,EXPERT,800,625.46,-2.00,0,0.00,0,QQQ,reopen QQQ position,
32,700000033,700500033,46049.833333333,1769544000000,sell,OUT,20260101,700000016,EXPERT,800,631.13,-2.00,0,4536.00,0,QQQ,daily mark-to-market,
33,700000034,700500034,46049.833391204,1769544005000,buy,IN,20260101,700000016,EXPERT,800,631.13,-2.00,0,0.00,0,QQQ,reopen QQQ position,
34,700000035,700500035,46050.833333333,1769630400000,sell,OUT,20260101,700000017,EXPERT,800,633.22,-2.00,0,1672.00,0,QQQ,daily mark-to-market,
35,700000036,700500036,46050.833391204,1769630405000,buy,IN,20260101,700000017,EXPERT,800,633.22,-2.00,0,0.00,0,QQQ,reopen QQQ position,
36,700000037,700500037,46051.833333333,1769716800000,sell,OUT,20260101,700000018,EXPERT,800,629.43,-2.00,0,-3032.00,0,QQQ,daily mark-to-market,
37,700000038,700500038,46051.833391204,1769716805000,buy,IN,20260101,700000018,EXPERT,800,629.43,-2.00,0,0.00,0,QQQ,reopen QQQ position,
38,700000039,700500039,46052.833333333,1769803200000,sell,OUT,20260101,700000019,EXPERT,800,621.87,-2.00,0,-6048.00,0,QQQ,daily mark-to-market,
39,700000040,700500040,46052.833391204,1769803205000,buy,IN,20260101,700000019,EXPERT,800,621.87,-2.00,0,0.00,0,QQQ,reopen QQQ position,
40,700000041,700500041,46055.833333333,1770062400000,sell,OUT,20260101,700000020,EXPERT,800,626.14,-2.00,0,3416.00,0,QQQ,daily mark-to-market,
41,700000042,700500042,46055.833391204,1770062405000,buy,IN,20260101,700000020,EXPERT,800,626.14,-2.00,0,0.00,0,QQQ,reopen QQQ position,
42,700000043,700500043,46056.833333333,1770148800000,sell,OUT,20260101,700000021,EXPERT,800,616.52,-2.00,0,-7696.00,0,QQQ,daily mark-to-market,
43,700000044,700500044,46056.833391204,1770148805000,buy,IN,20260101,700000021,EXPERT,800,616.52,-2.00,0,0.00,0,QQQ,reopen QQQ position,
44,700000045,700500045,46057.833333333,1770235200000,sell,OUT,20260101,700000022,EXPERT,800,605.75,-2.00,0,-8616.00,0,QQQ,daily mark-to-market,
45,700000046,700500046,46057.833391204,1770235205000,buy,IN,20260101,700000022,EXPERT,800,605.75,-2.00,0,0.00,0,QQQ,reopen QQQ position,
46,700000047,700500047,46058.833333333,1770321600000,sell,OUT,20260101,700000023,EXPERT,800,597.03,-2.00,0,-6976.00,0,QQQ,daily mark-to-market,
47,700000048,700500048,46058.833391204,1770321605000,buy,IN,20260101,700000023,EXPERT,800,597.03,-2.00,0,0.00,0,QQQ,reopen QQQ position,
48,700000049,700500049,46059.833333333,1770408000000,sell,OUT,20260101,700000024,EXPERT,800,609.65,-2.00,0,10096.00,0,QQQ,daily mark-to-market,
49,700000050,700500050,46059.833391204,1770408005000,buy,IN,20260101,700000024,EXPERT,800,609.65,-2.00,0,0.00,0,QQQ,reopen QQQ position,
50,700000051,700500051,46062.833333333,1770667200000,sell,OUT,20260101,700000025,EXPERT,800,614.32,-2.00,0,3736.00,0,QQQ,daily mark-to-market,
51,700000052,700500052,46062.833391204,1770667205000,buy,IN,20260101,700000025,EXPERT,800,614.32,-2.00,0,0.00,0,QQQ,reopen QQQ position,
52,700000053,700500053,46063.833333333,1770753600000,sell,OUT,20260101,700000026,EXPERT,800,611.25,-2.00,0,-2456.00,0,QQQ,daily mark-to-market,
53,700000054,700500054,46063.833391204,1770753605000,buy,IN,20260101,700000026,EXPERT,800,611.25,-2.00,0,0.00,0,QQQ,reopen QQQ position,
54,700000055,700500055,46064.833333333,1770840000000,sell,OUT,20260101,700000027,EXPERT,800,613.11,-2.00,0,1488.00,0,QQQ,daily mark-to-market,
55,700000056,700500056,46064.833391204,1770840005000,buy,IN,20260101,700000027,EXPERT,800,613.11,-2.00,0,0.00,0,QQQ,reopen QQQ position,
56,700000057,700500057,46065.833333333,1770926400000,sell,OUT,20260101,700000028,EXPERT,800,600.64,-2.00,0,-9976.00,0,QQQ,daily mark-to-market,
57,700000058,700500058,46065.833391204,1770926405000,buy,IN,20260101,700000028,EXPERT,800,600.64,-2.00,0,0.00,0,QQQ,reopen QQQ position,
58,700000059,700500059,46066.833333333,1771012800000,sell,OUT,20260101,700000029,EXPERT,800,601.92,-2.00,0,1024.00,0,QQQ,daily mark-to-market,
59,700000060,700500060,46066.833391204,1771012805000,buy,IN,20260101,700000029,EXPERT,800,601.92,-2.00,0,0.00,0,QQQ,reopen QQQ position,
60,700000061,700500061,46070.833333333,1771358400000,sell,OUT,20260101,700000030,EXPERT,800,601.30,-2.00,0,-496.00,0,QQQ,daily mark-to-market,
61,700000062,700500062,46070.833391204,1771358405000,buy,IN,20260101,700000030,EXPERT,800,601.30,-2.00,0,0.00,0,QQQ,reopen QQQ position,
62,700000063,700500063,46071.833333333,1771444800000,sell,OUT,20260101,700000031,EXPERT,800,605.79,-2.00,0,3592.00,0,QQQ,daily mark-to-market,
63,700000064,700500064,46071.833391204,1771444805000,buy,IN,20260101,700000031,EXPERT,800,605.79,-2.00,0,0.00,0,QQQ,reopen QQQ position,
64,700000065,700500065,46072.833333333,1771531200000,sell,OUT,20260101,700000032,EXPERT,800,603.47,-2.00,0,-1856.00,0,QQQ,daily mark-to-market,
65,700000066,700500066,46072.833391204,1771531205000,buy,IN,20260101,700000032,EXPERT,800,603.47,-2.00,0,0.00,0,QQQ,reopen QQQ position,
66,700000067,700500067,46073.833333333,1771617600000,sell,OUT,20260101,700000033,EXPERT,800,608.81,-2.00,0,4272.00,0,QQQ,daily mark-to-market,
67,700000068,700500068,46073.833391204,1771617605000,buy,IN,20260101,700000033,EXPERT,800,608.81,-2.00,0,0.00,0,QQQ,reopen QQQ position,
68,700000069,700500069,46076.833333333,1771876800000,sell,OUT,20260101,700000034,EXPERT,800,601.41,-2.00,0,-5920.00,0,QQQ,daily mark-to-market,
69,700000070,700500070,46076.833391204,1771876805000,buy,IN,20260101,700000034,EXPERT,800,601.41,-2.00,0,0.00,0,QQQ,reopen QQQ position,
70,700000071,700500071,46077.833333333,1771963200000,sell,OUT,20260101,700000035,EXPERT,800,607.82,-2.00,0,5128.00,0,QQQ,daily mark-to-market,
71,700000072,700500072,46077.833391204,1771963205000,buy,IN,20260101,700000035,EXPERT,800,607.82,-2.00,0,0.00,0,QQQ,reopen QQQ position,
72,700000073,700500073,46078.833333333,1772049600000,sell,OUT,20260101,700000036,EXPERT,800,616.42,-2.00,0,6880.00,0,QQQ,daily mark-to-market,
73,700000074,700500074,46078.833391204,1772049605000,buy,IN,20260101,700000036,EXPERT,800,616.42,-2.00,0,0.00,0,QQQ,reopen QQQ position,
74,700000075,700500075,46079.833333333,1772136000000,sell,OUT,20260101,700000037,EXPERT,800,605.96,-2.00,0,-8370.48,0,QQQ,daily mark-to-market,
75,700000076,700500076,46079.833391204,1772136005000,buy,IN,20260101,700000037,EXPERT,800,605.96,-2.00,0,0.00,0,QQQ,reopen QQQ position,
76,700000077,700500077,46080.833333333,1772222400000,sell,OUT,20260101,700000038,EXPERT,800,607.29,-2.00,0,1066.48,0,QQQ,daily mark-to-market,
77,700000078,700500078,46080.833391204,1772222405000,buy,IN,20260101,700000038,EXPERT,800,607.29,-2.00,0,0.00,0,QQQ,reopen QQQ position,
78,700000079,700500079,46083.833333333,1772481600000,sell,OUT,20260101,700000039,EXPERT,800,608.09,-2.00,0,640.00,0,QQQ,daily mark-to-market,
79,700000080,700500080,46083.833391204,1772481605000,buy,IN,20260101,700000039,EXPERT,800,608.09,-2.00,0,0.00,0,QQQ,reopen QQQ position,
80,700000081,700500081,46084.833333333,1772568000000,sell,OUT,20260101,700000040,EXPERT,800,601.58,-2.00,0,-5208.00,0,QQQ,daily mark-to-market,
81,700000082,700500082,46084.833391204,1772568005000,buy,IN,20260101,700000040,EXPERT,800,601.58,-2.00,0,0.00,0,QQQ,reopen QQQ position,
82,700000083,700500083,46085.833333333,1772654400000,sell,OUT,20260101,700000041,EXPERT,800,610.75,-2.00,0,7336.00,0,QQQ,daily mark-to-market,
83,700000084,700500084,46085.833391204,1772654405000,buy,IN,20260101,700000041,EXPERT,800,610.75,-2.00,0,0.00,0,QQQ,reopen QQQ position,
84,700000085,700500085,46086.833333333,1772740800000,sell,OUT,20260101,700000042,EXPERT,800,608.91,-2.00,0,-1472.00,0,QQQ,daily mark-to-market,
85,700000086,700500086,46086.833391204,1772740805000,buy,IN,20260101,700000042,EXPERT,800,608.91,-2.00,0,0.00,0,QQQ,reopen QQQ position,
86,700000087,700500087,46087.833333333,1772827200000,sell,OUT,20260101,700000043,EXPERT,800,599.75,-2.00,0,-7328.00,0,QQQ,daily mark-to-market,
87,700000088,700500088,46087.833391204,1772827205000,buy,IN,20260101,700000043,EXPERT,800,599.75,-2.00,0,0.00,0,QQQ,reopen QQQ position,
88,700000089,700500089,46090.833333333,1773086400000,sell,OUT,20260101,700000044,EXPERT,800,607.76,-2.00,0,6408.00,0,QQQ,daily mark-to-market,
89,700000090,700500090,46090.833391204,1773086405000,buy,IN,20260101,700000044,EXPERT,800,607.76,-2.00,0,0.00,0,QQQ,reopen QQQ position,
90,700000091,700500091,46091.833333333,1773172800000,sell,OUT,20260101,700000045,EXPERT,800,607.77,-2.00,0,8.00,0,QQQ,daily mark-to-market,
91,700000092,700500092,46091.833391204,1773172805000,buy,IN,20260101,700000045,EXPERT,800,607.77,-2.00,0,0.00,0,QQQ,reopen QQQ position,
92,700000093,700500093,46092.833333333,1773259200000,sell,OUT,20260101,700000046,EXPERT,800,607.69,-2.00,0,-64.00,0,QQQ,daily mark-to-market,
93,700000094,700500094,46092.833391204,1773259205000,buy,IN,20260101,700000046,EXPERT,800,607.69,-2.00,0,0.00,0,QQQ,reopen QQQ position,
94,700000095,700500095,46093.833333333,1773345600000,sell,OUT,20260101,700000047,EXPERT,800,597.26,-2.00,0,-8344.00,0,QQQ,daily mark-to-market,
95,700000096,700500096,46093.833391204,1773345605000,buy,IN,20260101,700000047,EXPERT,800,597.26,-2.00,0,0.00,0,QQQ,reopen QQQ position,
96,700000097,700500097,46094.833333333,1773432000000,sell,OUT,20260101,700000048,EXPERT,800,593.72,-2.00,0,-2832.00,0,QQQ,daily mark-to-market,
97,700000098,700500098,46094.833391204,1773432005000,buy,IN,20260101,700000048,EXPERT,800,593.72,-2.00,0,0.00,0,QQQ,reopen QQQ position,
98,700000099,700500099,46097.833333333,1773691200000,sell,OUT,20260101,700000049,EXPERT,800,600.38,-2.00,0,5328.00,0,QQQ,daily mark-to-market,
99,700000100,700500100,46097.833391204,1773691205000,buy,IN,20260101,700000049,EXPERT,800,600.38,-2.00,0,0.00,0,QQQ,reopen QQQ position,
100,700000101,700500101,46098.833333333,1773777600000,sell,OUT,20260101,700000050,EXPERT,800,603.31,-2.00,0,2344.00,0,QQQ,daily mark-to-market,
101,700000102,700500102,46098.833391204,1773777605000,buy,IN,20260101,700000050,EXPERT,800,603.31,-2.00,0,0.00,0,QQQ,reopen QQQ position,
102,700000103,700500103,46099.833333333,1773864000000,sell,OUT,20260101,700000051,EXPERT,800,594.90,-2.00,0,-6728.00,0,QQQ,daily mark-to-market,
103,700000104,700500104,46099.833391204,1773864005000,buy,IN,20260101,700000051,EXPERT,800,594.90,-2.00,0,0.00,0,QQQ,reopen QQQ position,
104,700000105,700500105,46100.833333333,1773950400000,sell,OUT,20260101,700000052,EXPERT,800,593.02,-2.00,0,-1504.00,0,QQQ,daily mark-to-market,
105,700000106,700500106,46100.833391204,1773950405000,buy,IN,20260101,700000052,EXPERT,800,593.02,-2.00,0,0.00,0,QQQ,reopen QQQ position,
106,700000107,700500107,46101.833333333,1774036800000,sell,OUT,20260101,700000053,EXPERT,800,582.06,-2.00,0,-8768.00,0,QQQ,daily mark-to-market,
107,700000108,700500108,46101.833391204,1774036805000,buy,IN,20260101,700000053,EXPERT,800,582.06,-2.00,0,0.00,0,QQQ,reopen QQQ position,
108,700000109,700500109,46104.833333333,1774296000000,sell,OUT,20260101,700000054,EXPERT,800,588.00,-2.00,0,4752.00,0,QQQ,daily mark-to-market,
109,700000110,700500110,46104.833391204,1774296005000,buy,IN,20260101,700000054,EXPERT,800,588.00,-2.00,0,0.00,0,QQQ,reopen QQQ position,
110,700000111,700500111,46105.833333333,1774382400000,sell,OUT,20260101,700000055,EXPERT,800,583.98,-2.00,0,-3216.00,0,QQQ,daily mark-to-market,
111,700000112,700500112,46105.833391204,1774382405000,buy,IN,20260101,700000055,EXPERT,800,583.98,-2.00,0,0.00,0,QQQ,reopen QQQ position,
112,700000113,700500113,46106.833333333,1774468800000,sell,OUT,20260101,700000056,EXPERT,800,587.82,-2.00,0,3072.00,0,QQQ,daily mark-to-market,
113,700000114,700500114,46106.833391204,1774468805000,buy,IN,20260101,700000056,EXPERT,800,587.82,-2.00,0,0.00,0,QQQ,reopen QQQ position,
114,700000115,700500115,46107.833333333,1774555200000,sell,OUT,20260101,700000057,EXPERT,800,573.79,-2.00,0,-11224.00,0,QQQ,daily mark-to-market,
115,700000116,700500116,46107.833391204,1774555205000,buy,IN,20260101,700000057,EXPERT,800,573.79,-2.00,0,0.00,0,QQQ,reopen QQQ position,
116,700000117,700500117,46108.833333333,1774641600000,sell,OUT,20260101,700000058,EXPERT,800,562.58,-2.00,0,-8968.00,0,QQQ,daily mark-to-market,
117,700000118,700500118,46108.833391204,1774641605000,buy,IN,20260101,700000058,EXPERT,800,562.58,-2.00,0,0.00,0,QQQ,reopen QQQ position,
118,700000119,700500119,46111.833333333,1774900800000,sell,OUT,20260101,700000059,EXPERT,800,558.28,-2.00,0,-3440.00,0,QQQ,daily mark-to-market,
119,700000120,700500120,46111.833391204,1774900805000,buy,IN,20260101,700000059,EXPERT,800,558.28,-2.00,0,0.00,0,QQQ,reopen QQQ position,
120,700000121,700500121,46112.833333333,1774987200000,sell,OUT,20260101,700000060,EXPERT,800,577.29,-2.00,0,15208.00,0,QQQ,daily mark-to-market,
121,700000122,700500122,46112.833391204,1774987205000,buy,IN,20260101,700000060,EXPERT,800,577.29,-2.00,0,0.00,0,QQQ,reopen QQQ position,
122,700000123,700500123,46113.833333333,1775073600000,sell,OUT,20260101,700000061,EXPERT,800,584.31,-2.00,0,5616.00,0,QQQ,daily mark-to-market,
123,700000124,700500124,46113.833391204,1775073605000,buy,IN,20260101,700000061,EXPERT,800,584.31,-2.00,0,0.00,0,QQQ,reopen QQQ position,
124,700000125,700500125,46114.833333333,1775160000000,sell,OUT,20260101,700000062,EXPERT,800,584.98,-2.00,0,536.00,0,QQQ,daily mark-to-market,
125,700000126,700500126,46114.833391204,1775160005000,buy,IN,20260101,700000062,EXPERT,800,584.98,-2.00,0,0.00,0,QQQ,reopen QQQ position,
126,700000127,700500127,46118.833333333,1775505600000,sell,OUT,20260101,700000063,EXPERT,800,588.50,-2.00,0,2816.00,0,QQQ,daily mark-to-market,
127,700000128,700500128,46118.833391204,1775505605000,buy,IN,20260101,700000063,EXPERT,800,588.50,-2.00,0,0.00,0,QQQ,reopen QQQ position,
128,700000129,700500129,46119.833333333,1775592000000,sell,OUT,20260101,700000064,EXPERT,800,588.59,-2.00,0,72.00,0,QQQ,daily mark-to-market,
129,700000130,700500130,46119.833391204,1775592005000,buy,IN,20260101,700000064,EXPERT,800,588.59,-2.00,0,0.00,0,QQQ,reopen QQQ position,
130,700000131,700500131,46120.833333333,1775678400000,sell,OUT,20260101,700000065,EXPERT,800,606.09,-2.00,0,14000.00,0,QQQ,daily mark-to-market,
131,700000132,700500132,46120.833391204,1775678405000,buy,IN,20260101,700000065,EXPERT,800,606.09,-2.00,0,0.00,0,QQQ,reopen QQQ position,
132,700000133,700500133,46121.833333333,1775764800000,sell,OUT,20260101,700000066,EXPERT,800,610.19,-2.00,0,3280.00,0,QQQ,daily mark-to-market,
133,700000134,700500134,46121.833391204,1775764805000,buy,IN,20260101,700000066,EXPERT,800,610.19,-2.00,0,0.00,0,QQQ,reopen QQQ position,
134,700000135,700500135,46122.833333333,1775851200000,sell,OUT,20260101,700000067,EXPERT,800,611.07,-2.00,0,704.00,0,QQQ,daily mark-to-market,
135,700000136,700500136,46122.833391204,1775851205000,buy,IN,20260101,700000067,EXPERT,800,611.07,-2.00,0,0.00,0,QQQ,reopen QQQ position,
136,700000137,700500137,46125.833333333,1776110400000,sell,OUT,20260101,700000068,EXPERT,800,617.51,-2.00,0,5149.60,0,QQQ,daily mark-to-market,
137,700000138,700500138,46125.833391204,1776110405000,buy,IN,20260101,700000068,EXPERT,800,617.51,-2.00,0,0.00,0,QQQ,reopen QQQ position,
138,700000139,700500139,46126.833333333,1776196800000,sell,OUT,20260101,700000069,EXPERT,800,628.57,-2.00,0,8848.00,0,QQQ,daily mark-to-market,
139,700000140,700500140,46126.833391204,1776196805000,buy,IN,20260101,700000069,EXPERT,800,628.57,-2.00,0,0.00,0,QQQ,reopen QQQ position,
140,700000141,700500141,46127.833333333,1776283200000,sell,OUT,20260101,700000070,EXPERT,800,637.40,-2.00,0,7066.40,0,QQQ,daily mark-to-market,
141,700000142,700500142,46127.833391204,1776283205000,buy,IN,20260101,700000070,EXPERT,800,637.40,-2.00,0,0.00,0,QQQ,reopen QQQ position,
142,700000143,700500143,46128.833333333,1776369600000,sell,OUT,20260101,700000071,EXPERT,800,640.47,-2.00,0,2456.00,0,QQQ,daily mark-to-market,
143,700000144,700500144,46128.833391204,1776369605000,buy,IN,20260101,700000071,EXPERT,800,640.47,-2.00,0,0.00,0,QQQ,reopen QQQ position,
144,700000145,700500145,46129.833333333,1776456000000,sell,OUT,20260101,700000072,EXPERT,800,648.85,-2.00,0,6704.00,0,QQQ,daily mark-to-market,
145,700000146,700500146,46129.833391204,1776456005000,buy,IN,20260101,700000072,EXPERT,800,648.85,-2.00,0,0.00,0,QQQ,reopen QQQ position,
146,700000147,700500147,46132.833333333,1776715200000,sell,OUT,20260101,700000073,EXPERT,800,646.79,-2.00,0,-1648.00,0,QQQ,daily mark-to-market,
147,700000148,700500148,46132.833391204,1776715205000,buy,IN,20260101,700000073,EXPERT,800,646.79,-2.00,0,0.00,0,QQQ,reopen QQQ position,
148,700000149,700500149,46133.833333333,1776801600000,sell,OUT,20260101,700000074,EXPERT,800,644.33,-2.00,0,-1968.00,0,QQQ,daily mark-to-market,
149,700000150,700500150,46133.833391204,1776801605000,buy,IN,20260101,700000074,EXPERT,800,644.33,-2.00,0,0.00,0,QQQ,reopen QQQ position,
150,700000151,700500151,46134.833333333,1776888000000,sell,OUT,20260101,700000075,EXPERT,800,655.11,-2.00,0,8624.00,0,QQQ,daily mark-to-market,
151,700000152,700500152,46134.833391204,1776888005000,buy,IN,20260101,700000075,EXPERT,800,655.11,-2.00,0,0.00,0,QQQ,reopen QQQ position,
152,700000153,700500153,46135.833333333,1776974400000,sell,OUT,20260101,700000076,EXPERT,800,651.42,-2.00,0,-2952.00,0,QQQ,daily mark-to-market,
153,700000154,700500154,46135.833391204,1776974405000,buy,IN,20260101,700000076,EXPERT,800,651.42,-2.00,0,0.00,0,QQQ,reopen QQQ position,
154,700000155,700500155,46136.833333333,1777060800000,sell,OUT,20260101,700000077,EXPERT,800,664.02,-2.00,0,10080.00,0,QQQ,daily mark-to-market,
155,700000156,700500156,46136.833391204,1777060805000,buy,IN,20260101,700000077,EXPERT,800,664.02,-2.00,0,0.00,0,QQQ,reopen QQQ position,
156,700000157,700500157,46139.833333333,1777320000000,sell,OUT,20260101,700000078,EXPERT,800,664.23,-2.00,0,168.00,0,QQQ,daily mark-to-market,
157,700000158,700500158,46139.833391204,1777320005000,buy,IN,20260101,700000078,EXPERT,800,664.23,-2.00,0,0.00,0,QQQ,reopen QQQ position,
158,700000159,700500159,46140.833333333,1777406400000,sell,OUT,20260101,700000079,EXPERT,800,657.55,-2.00,0,-5344.00,0,QQQ,daily mark-to-market,
159,700000160,700500160,46140.833391204,1777406405000,buy,IN,20260101,700000079,EXPERT,800,657.55,-2.00,0,0.00,0,QQQ,reopen QQQ position,
160,700000161,700500161,46141.833333333,1777492800000,sell,OUT,20260101,700000080,EXPERT,800,661.57,-2.00,0,3216.00,0,QQQ,daily mark-to-market,
161,700000162,700500162,46141.833391204,1777492805000,buy,IN,20260101,700000080,EXPERT,800,661.57,-2.00,0,0.00,0,QQQ,reopen QQQ position,
162,700000163,700500163,46142.833333333,1777579200000,sell,OUT,20260101,700000081,EXPERT,800,667.74,-2.00,0,4936.00,0,QQQ,daily mark-to-market,
163,700000164,700500164,46142.833391204,1777579205000,buy,IN,20260101,700000081,EXPERT,800,667.74,-2.00,0,0.00,0,QQQ,reopen QQQ position,
164,700000165,700500165,46143.833333333,1777665600000,sell,OUT,20260101,700000082,EXPERT,800,674.18,-2.00,0,5152.00,0,QQQ,daily mark-to-market,
165,700000166,700500166,46143.833391204,1777665605000,buy,IN,20260101,700000082,EXPERT,800,674.18,-2.00,0,0.00,0,QQQ,reopen QQQ position,
166,700000167,700500167,46146.833333333,1777924800000,sell,OUT,20260101,700000083,EXPERT,800,672.88,-2.00,0,-1040.00,0,QQQ,daily mark-to-market,
167,700000168,700500168,46146.833391204,1777924805000,buy,IN,20260101,700000083,EXPERT,800,672.88,-2.00,0,0.00,0,QQQ,reopen QQQ position,
168,700000169,700500169,46147.833333333,1778011200000,sell,OUT,20260101,700000084,EXPERT,800,681.50,-2.00,0,6896.00,0,QQQ,daily mark-to-market,
169,700000170,700500170,46147.833391204,1778011205000,buy,IN,20260101,700000084,EXPERT,800,681.50,-2.00,0,0.00,0,QQQ,reopen QQQ position,
170,700000171,700500171,46148.833333333,1778097600000,sell,OUT,20260101,700000085,EXPERT,800,695.75,-2.00,0,11400.00,0,QQQ,daily mark-to-market,
171,700000172,700500172,46148.833391204,1778097605000,buy,IN,20260101,700000085,EXPERT,800,695.75,-2.00,0,0.00,0,QQQ,reopen QQQ position,
172,700000173,700500173,46149.833333333,1778184000000,sell,OUT,20260101,700000086,EXPERT,800,694.94,-2.00,0,-648.00,0,QQQ,daily mark-to-market,
173,700000174,700500174,46149.833391204,1778184005000,buy,IN,20260101,700000086,EXPERT,800,694.94,-2.00,0,0.00,0,QQQ,reopen QQQ position,
174,700000175,700500175,46150.833333333,1778270400000,sell,OUT,20260101,700000087,EXPERT,800,711.06,-2.00,0,12898.40,0,QQQ,daily mark-to-market,
175,700000176,700500176,46150.833391204,1778270405000,buy,IN,20260101,700000087,EXPERT,800,711.06,-2.00,0,0.00,0,QQQ,reopen QQQ position,
176,700000177,700500177,46153.833333333,1778529600000,sell,OUT,20260101,700000088,EXPERT,800,713.29,-2.00,0,1781.60,0,QQQ,daily mark-to-market,
177,700000178,700500178,46153.833391204,1778529605000,buy,IN,20260101,700000088,EXPERT,800,713.29,-2.00,0,0.00,0,QQQ,reopen QQQ position,
178,700000179,700500179,46154.833333333,1778616000000,sell,OUT,20260101,700000089,EXPERT,800,707.24,-2.00,0,-4840.00,0,QQQ,daily mark-to-market,
179,700000180,700500180,46154.833391204,1778616005000,buy,IN,20260101,700000089,EXPERT,800,707.24,-2.00,0,0.00,0,QQQ,reopen QQQ position,
180,700000181,700500181,46155.833333333,1778702400000,sell,OUT,20260101,700000090,EXPERT,800,714.71,-2.00,0,5976.00,0,QQQ,daily mark-to-market,
181,700000182,700500182,46155.833391204,1778702405000,buy,IN,20260101,700000090,EXPERT,800,714.71,-2.00,0,0.00,0,QQQ,reopen QQQ position,
182,700000183,700500183,46156.833333333,1778788800000,sell,OUT,20260101,700000091,EXPERT,800,719.79,-2.00,0,4064.00,0,QQQ,daily mark-to-market,
183,700000184,700500184,46156.833391204,1778788805000,buy,IN,20260101,700000091,EXPERT,800,719.79,-2.00,0,0.00,0,QQQ,reopen QQQ position,
184,700000185,700500185,46157.833333333,1778875200000,sell,OUT,20260101,700000092,EXPERT,800,708.93,-2.00,0,-8688.00,0,QQQ,daily mark-to-market,
185,700000186,700500186,46157.833391204,1778875205000,buy,IN,20260101,700000092,EXPERT,800,708.93,-2.00,0,0.00,0,QQQ,reopen QQQ position,
186,700000187,700500187,46160.833333333,1779134400000,sell,OUT,20260101,700000093,EXPERT,800,705.88,-2.00,0,-2440.00,0,QQQ,daily mark-to-market,
187,700000188,700500188,46160.833391204,1779134405000,buy,IN,20260101,700000093,EXPERT,800,705.88,-2.00,0,0.00,0,QQQ,reopen QQQ position,
188,700000189,700500189,46161.833333333,1779220800000,sell,OUT,20260101,700000094,EXPERT,800,701.53,-2.00,0,-3480.00,0,QQQ,daily mark-to-market,
189,700000190,700500190,46161.833391204,1779220805000,buy,IN,20260101,700000094,EXPERT,800,701.53,-2.00,0,0.00,0,QQQ,reopen QQQ position,
190,700000191,700500191,46162.833333333,1779307200000,sell,OUT,20260101,700000095,EXPERT,800,713.15,-2.00,0,9296.00,0,QQQ,daily mark-to-market,
191,700000192,700500192,46162.833391204,1779307205000,buy,IN,20260101,700000095,EXPERT,800,713.15,-2.00,0,0.00,0,QQQ,reopen QQQ position,
192,700000193,700500193,46163.833333333,1779393600000,sell,OUT,20260101,700000096,EXPERT,800,714.51,-2.00,0,1088.00,0,QQQ,daily mark-to-market,
193,700000194,700500194,46163.833391204,1779393605000,buy,IN,20260101,700000096,EXPERT,800,714.51,-2.00,0,0.00,0,QQQ,reopen QQQ position,
194,700000195,700500195,46164.833333333,1779480000000,sell,OUT,20260101,700000097,EXPERT,800,717.54,-2.00,0,2424.00,0,QQQ,daily mark-to-market,
195,700000196,700500196,46164.833391204,1779480005000,buy,IN,20260101,700000097,EXPERT,800,717.54,-2.00,0,0.00,0,QQQ,reopen QQQ position,
196,700000197,700500197,46168.833333333,1779825600000,sell,OUT,20260101,700000098,EXPERT,800,730.28,-2.00,0,10192.00,0,QQQ,daily mark-to-market,
197,700000198,700500198,46168.833391204,1779825605000,buy,IN,20260101,700000098,EXPERT,800,730.28,-2.00,0,0.00,0,QQQ,reopen QQQ position,
198,700000199,700500199,46169.833333333,1779912000000,sell,OUT,20260101,700000099,EXPERT,800,729.44,-2.00,0,-668.80,0,QQQ,daily mark-to-market,
199,700000200,700500200,46169.833391204,1779912005000,buy,IN,20260101,700000099,EXPERT,800,729.44,-2.00,0,0.00,0,QQQ,reopen QQQ position,
200,700000201,700500201,46170.833333333,1779998400000,sell,OUT,20260101,700000100,EXPERT,800,735.60,-2.00,0,4924.80,0,QQQ,daily mark-to-market,
201,700000202,700500202,46170.833391204,1779998405000,buy,IN,20260101,700000100,EXPERT,800,735.60,-2.00,0,0.00,0,QQQ,reopen QQQ position,
202,700000203,700500203,46171.833333333,1780084800000,sell,OUT,20260101,700000101,EXPERT,800,738.31,-2.00,0,2168.00,0,QQQ,daily mark-to-market,
203,700000204,700500204,46171.833391204,1780084805000,buy,IN,20260101,700000101,EXPERT,800,738.31,-2.00,0,0.00,0,QQQ,reopen QQQ position,
204,700000205,700500205,46174.833333333,1780344000000,sell,OUT,20260101,700000102,EXPERT,800,742.74,-2.00,0,3544.00,0,QQQ,daily mark-to-market,
205,700000206,700500206,46174.833391204,1780344005000,buy,IN,20260101,700000102,EXPERT,800,742.74,-2.00,0,0.00,0,QQQ,reopen QQQ position,
206,700000207,700500207,46175.833333333,1780430400000,sell,OUT,20260101,700000103,EXPERT,800,746.16,-2.00,0,2736.00,0,QQQ,daily mark-to-market,
207,700000208,700500208,46175.833391204,1780430405000,buy,IN,20260101,700000103,EXPERT,800,746.16,-2.00,0,0.00,0,QQQ,reopen QQQ position,
208,700000209,700500209,46176.833333333,1780516800000,sell,OUT,20260101,700000104,EXPERT,800,744.21,-2.00,0,-1560.00,0,QQQ,daily mark-to-market,
209,700000210,700500210,46176.833391204,1780516805000,buy,IN,20260101,700000104,EXPERT,800,744.21,-2.00,0,0.00,0,QQQ,reopen QQQ position,
210,700000211,700500211,46177.833333333,1780603200000,sell,OUT,20260101,700000105,EXPERT,800,740.61,-2.00,0,-2880.00,0,QQQ,daily mark-to-market,
211,700000212,700500212,46177.833391204,1780603205000,buy,IN,20260101,700000105,EXPERT,800,740.61,-2.00,0,0.00,0,QQQ,reopen QQQ position,
212,700000213,700500213,46178.833333333,1780689600000,sell,OUT,20260101,700000106,EXPERT,800,705.06,-2.00,0,-28440.00,0,QQQ,daily mark-to-market,
213,700000214,700500214,46178.833391204,1780689605000,buy,IN,20260101,700000106,EXPERT,800,705.06,-2.00,0,0.00,0,QQQ,reopen QQQ position,
214,700000215,700500215,46181.833333333,1780948800000,sell,OUT,20260101,700000107,EXPERT,800,716.07,-2.00,0,8808.00,0,QQQ,daily mark-to-market,
215,700000216,700500216,46181.833391204,1780948805000,buy,IN,20260101,700000107,EXPERT,800,716.07,-2.00,0,0.00,0,QQQ,reopen QQQ position,
216,700000217,700500217,46182.833333333,1781035200000,sell,OUT,20260101,700000108,EXPERT,800,707.83,-2.00,0,-6592.00,0,QQQ,daily mark-to-market,
217,700000218,700500218,46182.833391204,1781035205000,buy,IN,20260101,700000108,EXPERT,800,707.83,-2.00,0,0.00,0,QQQ,reopen QQQ position,
218,700000219,700500219,46183.833333333,1781121600000,sell,OUT,20260101,700000109,EXPERT,800,693.69,-2.00,0,-11312.00,0,QQQ,daily mark-to-market,
219,700000220,700500220,46183.833391204,1781121605000,buy,IN,20260101,700000109,EXPERT,800,693.69,-2.00,0,0.00,0,QQQ,reopen QQQ position,
220,700000221,700500221,46184.833333333,1781208000000,sell,OUT,20260101,700000110,EXPERT,800,717.12,-2.00,0,18744.00,0,QQQ,daily mark-to-market,
221,700000222,700500222,46184.833391204,1781208005000,buy,IN,20260101,700000110,EXPERT,800,717.12,-2.00,0,0.00,0,QQQ,reopen QQQ position,
222,700000223,700500223,46185.833333333,1781294400000,sell,OUT,20260101,700000111,EXPERT,800,721.34,-2.00,0,3376.00,0,QQQ,daily mark-to-market,
223,700000224,700500224,46185.833391204,1781294405000,buy,IN,20260101,700000111,EXPERT,800,721.34,-2.00,0,0.00,0,QQQ,reopen QQQ position,
224,700000225,700500225,46188.833333333,1781553600000,sell,OUT,20260101,700000112,EXPERT,800,744.00,-2.00,0,18128.00,0,QQQ,daily mark-to-market,
225,700000226,700500226,46188.833391204,1781553605000,buy,IN,20260101,700000112,EXPERT,800,744.00,-2.00,0,0.00,0,QQQ,reopen QQQ position,
226,700000227,700500227,46189.833333333,1781640000000,sell,OUT,20260101,700000113,EXPERT,800,729.86,-2.00,0,-11312.00,0,QQQ,daily mark-to-market,
227,700000228,700500228,46189.833391204,1781640005000,buy,IN,20260101,700000113,EXPERT,800,729.86,-2.00,0,0.00,0,QQQ,reopen QQQ position,
228,700000229,700500229,46190.833333333,1781726400000,sell,OUT,20260101,700000114,EXPERT,800,722.51,-2.00,0,-5880.00,0,QQQ,daily mark-to-market,
229,700000230,700500230,46190.833391204,1781726405000,buy,IN,20260101,700000114,EXPERT,800,722.51,-2.00,0,0.00,0,QQQ,reopen QQQ position,
230,700000231,700500231,46191.833333333,1781812800000,sell,OUT,20260101,700000115,EXPERT,800,740.62,-2.00,0,14488.00,0,QQQ,daily mark-to-market,
231,700000232,700500232,46191.833391204,1781812805000,buy,IN,20260101,700000115,EXPERT,800,740.62,-2.00,0,0.00,0,QQQ,reopen QQQ position,
232,700000233,700500233,46195.833333333,1782158400000,sell,OUT,20260101,700000116,EXPERT,800,737.95,-2.00,0,-2136.00,0,QQQ,daily mark-to-market,
233,700000234,700500234,46195.833391204,1782158405000,buy,IN,20260101,700000116,EXPERT,800,737.95,-2.00,0,0.00,0,QQQ,reopen QQQ position,
234,700000235,700500235,46196.833333333,1782244800000,sell,OUT,20260101,700000117,EXPERT,800,713.65,-2.00,0,-19440.00,0,QQQ,daily mark-to-market,
235,700000236,700500236,46196.833391204,1782244805000,buy,IN,20260101,700000117,EXPERT,800,713.65,-2.00,0,0.00,0,QQQ,reopen QQQ position,
236,700000237,700500237,46197.833333333,1782331200000,sell,OUT,20260101,700000118,EXPERT,800,710.60,-2.00,0,-2440.00,0,QQQ,daily mark-to-market,
237,700000238,700500238,46197.833391204,1782331205000,buy,IN,20260101,700000118,EXPERT,800,710.60,-2.00,0,0.00,0,QQQ,reopen QQQ position,
238,700000239,700500239,46198.833333333,1782417600000,sell,OUT,20260101,700000119,EXPERT,800,716.38,-2.00,0,4624.00,0,QQQ,daily mark-to-market,
239,700000240,700500240,46198.833391204,1782417605000,buy,IN,20260101,700000119,EXPERT,800,716.38,-2.00,0,0.00,0,QQQ,reopen QQQ position,
240,700000241,700500241,46199.833333333,1782504000000,sell,OUT,20260101,700000120,EXPERT,800,706.52,-2.00,0,-7888.00,0,QQQ,daily mark-to-market,
241,700000242,700500242,46199.833391204,1782504005000,buy,IN,20260101,700000120,EXPERT,800,706.52,-2.00,0,0.00,0,QQQ,reopen QQQ position,
242,700000243,700500243,46202.833333333,1782763200000,sell,OUT,20260101,700000121,EXPERT,800,724.08,-2.00,0,14048.00,0,QQQ,daily mark-to-market,
243,700000244,700500244,46202.833391204,1782763205000,buy,IN,20260101,700000121,EXPERT,800,724.08,-2.00,0,0.00,0,QQQ,reopen QQQ position,
244,700000245,700500245,46203.833333333,1782849600000,sell,OUT,20260101,700000122,EXPERT,800,736.40,-2.00,0,9856.00,0,QQQ,daily mark-to-market,
245,700000246,700500246,46203.833391204,1782849605000,buy,IN,20260101,700000122,EXPERT,800,736.40,-2.00,0,0.00,0,QQQ,reopen QQQ position,
246,700000247,700500247,46204.833333333,1782936000000,sell,OUT,20260101,700000123,EXPERT,800,725.17,-2.00,0,-8984.00,0,QQQ,daily mark-to-market,
247,700000248,700500248,46204.833391204,1782936005000,buy,IN,20260101,700000123,EXPERT,800,725.17,-2.00,0,0.00,0,QQQ,reopen QQQ position,
248,700000249,700500249,46205.833333333,1783022400000,sell,OUT,20260101,700000124,EXPERT,800,712.60,-2.00,0,-10052.48,0,QQQ,daily mark-to-market,
249,700000250,700500250,46205.833391204,1783022405000,buy,IN,20260101,700000124,EXPERT,800,712.60,-2.00,0,0.00,0,QQQ,reopen QQQ position,
250,700000251,700500251,46209.833333333,1783368000000,sell,OUT,20260101,700000125,EXPERT,800,722.82,-2.00,0,8172.48,0,QQQ,daily mark-to-market,
251,700000252,700500252,46209.833391204,1783368005000,buy,IN,20260101,700000125,EXPERT,800,722.82,-2.00,0,0.00,0,QQQ,reopen QQQ position,
252,700000253,700500253,46210.833333333,1783454400000,sell,OUT,20260101,700000126,EXPERT,800,709.43,-2.00,0,-10712.00,0,QQQ,daily mark-to-market,
253,700000254,700500254,46210.833391204,1783454405000,buy,IN,20260101,700000126,EXPERT,800,709.43,-2.00,0,0.00,0,QQQ,reopen QQQ position,
254,700000255,700500255,46211.833333333,1783540800000,sell,OUT,20260101,700000127,EXPERT,800,711.44,-2.00,0,1608.00,0,QQQ,daily mark-to-market,
255,700000256,700500256,46211.833391204,1783540805000,buy,IN,20260101,700000127,EXPERT,800,711.44,-2.00,0,0.00,0,QQQ,reopen QQQ position,
256,700000257,700500257,46212.833333333,1783627200000,sell,OUT,20260101,700000128,EXPERT,800,723.23,-2.00,0,9428.64,0,QQQ,daily mark-to-market,
257,700000258,700500258,46212.833391204,1783627205000,buy,IN,20260101,700000128,EXPERT,800,723.23,-2.00,0,0.00,0,QQQ,reopen QQQ position,
258,700000259,700500259,46213.833333333,1783713600000,sell,OUT,20260101,700000129,EXPERT,800,725.51,-2.00,0,1827.36,0,QQQ,daily mark-to-market,
259,700000260,700500260,46213.833391204,1783713605000,buy,IN,20260101,700000129,EXPERT,800,725.51,-2.00,0,0.00,0,QQQ,reopen QQQ position,
260,700000261,700500261,46216.833333333,1783972800000,sell,OUT,20260101,700000130,EXPERT,800,711.74,-2.00,0,-11016.00,0,QQQ,daily mark-to-market,
261,700000262,700500262,46216.833391204,1783972805000,buy,IN,20260101,700000130,EXPERT,800,711.74,-2.00,0,0.00,0,QQQ,reopen QQQ position,
262,700000263,700500263,46217.833333333,1784059200000,sell,OUT,20260101,700000131,EXPERT,800,719.71,-2.00,0,6376.00,0,QQQ,daily mark-to-market,
263,700000264,700500264,46217.833391204,1784059205000,buy,IN,20260101,700000131,EXPERT,800,719.71,-2.00,0,0.00,0,QQQ,reopen QQQ position,
264,700000265,700500265,46218.833333333,1784145600000,sell,OUT,20260101,700000132,EXPERT,800,717.74,-2.00,0,-1576.00,0,QQQ,daily mark-to-market,
265,700000266,700500266,46218.833391204,1784145605000,buy,IN,20260101,700000132,EXPERT,800,717.74,-2.00,0,0.00,0,QQQ,reopen QQQ position,
266,700000267,700500267,46219.833333333,1784232000000,sell,OUT,20260101,700000133,EXPERT,800,705.94,-2.00,0,-9440.00,0,QQQ,daily mark-to-market,
267,700000268,700500268,46219.833391204,1784232005000,buy,IN,20260101,700000133,EXPERT,800,705.94,-2.00,0,0.00,0,QQQ,reopen QQQ position,
268,700000269,700500269,46220.833333333,1784318400000,sell,OUT,20260101,700000134,EXPERT,800,695.33,-2.00,0,-8488.00,0,QQQ,daily mark-to-market,
269,700000270,700500270,46220.833391204,1784318405000,buy,IN,20260101,700000134,EXPERT,800,695.33,-2.00,0,0.00,0,QQQ,reopen QQQ position,
270,700000271,700500271,46223.833333333,1784577600000,sell,OUT,20260101,700000135,EXPERT,800,696.06,-2.00,0,584.00,0,QQQ,daily mark-to-market,
271,700000272,700500272,46223.833391204,1784577605000,buy,IN,20260101,700000135,EXPERT,800,696.06,-2.00,0,0.00,0,QQQ,reopen QQQ position,
272,700000273,700500273,46224.833333333,1784664000000,sell,OUT,20260101,700000136,EXPERT,800,708.97,-2.00,0,10328.00,0,QQQ,daily mark-to-market,
273,700000274,700500274,46224.833391204,1784664005000,buy,IN,20260101,700000136,EXPERT,800,708.97,-2.00,0,0.00,0,QQQ,reopen QQQ position,
274,700000275,700500275,46225.833333333,1784750400000,sell,OUT,20260101,700000137,EXPERT,800,705.35,-2.00,0,-2896.00,0,QQQ,daily mark-to-market,
275,700000276,700500276,46225.833391204,1784750405000,buy,IN,20260101,700000137,EXPERT,800,705.35,-2.00,0,0.00,0,QQQ,reopen QQQ position,
276,700000277,700500277,46226.833333333,1784836800000,sell,OUT,20260101,700000138,EXPERT,800,691.96,-2.00,0,-10712.00,0,QQQ,daily mark-to-market,
277,700000278,700500278,46226.833391204,1784836805000,buy,IN,20260101,700000138,EXPERT,800,691.96,-2.00,0,0.00,0,QQQ,reopen QQQ position,
278,700000279,700500279,46227.833333333,1784923200000,sell,OUT,20260101,700000139,EXPERT,800,684.23,-2.00,0,-6184.00,0,QQQ,daily mark-to-market,
279,700000280,700500280,46227.833391204,1784923205000,buy,IN,20260101,700000139,EXPERT,800,684.23,-2.00,0,0.00,0,QQQ,reopen QQQ position,
280,700000281,700500281,46230.833333333,1785182400000,sell,OUT,20260101,700000140,EXPERT,800,682.12,-2.00,0,-1688.00,0,QQQ,daily mark-to-market,
281,700000282,700500282,46230.833391204,1785182405000,buy,IN,20260101,700000140,EXPERT,800,682.12,-2.00,0,0.00,0,QQQ,reopen QQQ position,
282,700000283,700500283,46231.833333333,1785268800000,sell,OUT,20260101,700000141,EXPERT,800,675.49,-2.00,0,-5304.00,0,QQQ,daily mark-to-market,
283,700000284,700500284,46231.833391204,1785268805000,buy,IN,20260101,700000141,EXPERT,800,675.49,-2.00,0,0.00,0,QQQ,reopen QQQ position,
284,700000285,700500285,46232.833333333,1785355200000,sell,OUT,20260101,700000142,EXPERT,800,661.73,-2.00,0,-11008.00,0,QQQ,daily mark-to-market,
285,700000286,700500286,46232.833391204,1785355205000,buy,IN,20260101,700000142,EXPERT,800,661.73,-2.00,0,0.00,0,QQQ,reopen QQQ position,
286,700000287,700500287,46233.833333333,1785441600000,sell,OUT,20260101,700000143,EXPERT,800,683.55,-2.00,0,17456.00,0,QQQ,daily mark-to-market,
287,700000288,700500288,46233.833391204,1785441605000,buy,IN,20260101,700000143,EXPERT,800,683.55,-2.00,0,0.00,0,QQQ,reopen QQQ position,
288,700000289,700500289,46234.833333333,1785528000000,sell,OUT,20260101,700000144,EXPERT,800,687.99,-2.00,0,3552.00,0,QQQ,daily mark-to-market,
